John Seol,kseol4
Shresta Bangaru,bangaru2
Henry Woo,hcwoo2
Joshua Sanchez,jsanch84
Akhilv4 (Akhil Vyas),akhilv4
Shilpa Rani,shilpar2
Alvina Waseem,awaseem2
Amrith Balachander,amrithb2
Matthew Chou (mjchou2),mjchou2
