673812115,avmehta2
bhn2@,bhn2
hoyoung4@,hoyoung4
bcho2q,bcho21
"Huang, Allan",shengqi5
Connell Hecht,hecht3
Davis Keene,davisk2
Pooja Tetali,ptetali2
Shalni Sundram,shalnis2
Noopur Shanbhogue,noopurs2
Zhuofan Jia,zhuofan7
Kruthi Challa,kchalla2
Sruti Kamarajugadda,srutik2
Liping Deng,lipingd2
Maxwell Wang,mlwang3
Josh Lim,ylim31
Keagan Mirazee,mirazee2
Namrata Vajrala,vajrala3
Kitetsu Kaku: kkaku2,kkaku2
Devika Prasad,devika2
Vivian Pan,ruoyanp2
Haoran Ding,haorand3
